{"cameraMode":{"drawMode":0,"name":"Shaded","section":"Shading Mode"},"sceneLighting":true,"audioPlay":false,"sceneViewState":{"m_AlwaysRefresh":false,"showFog":true,"showSkybox":true,"showFlares":true,"showImageEffects":true,"showParticleSystems":true,"showVisualEffectGraphs":true,"m_FxEnabled":true},"in2DMode":false,"pivot":{"x":-0.10451479256153107,"y":0.028979767113924028,"z":0.6101059317588806},"rotation":{"x":-0.026995699852705003,"y":0.008996335789561272,"z":0.000244868773734197,"w":0.9996035099029541},"size":0.03119629994034767,"orthographic":true}