{"cameraMode":{"drawMode":0,"name":"Shaded","section":"Shading Mode"},"sceneLighting":true,"audioPlay":false,"sceneViewState":{"m_AlwaysRefresh":false,"showFog":true,"showSkybox":true,"showFlares":true,"showImageEffects":true,"showParticleSystems":true,"showVisualEffectGraphs":true,"m_FxEnabled":true},"in2DMode":false,"pivot":{"x":0.661270260810852,"y":-0.08775307238101959,"z":0.5839999914169312},"rotation":{"x":-0.026995699852705003,"y":0.008996335789561272,"z":0.000244868773734197,"w":0.9996035099029541},"size":0.04197258502244949,"orthographic":true}