{"cameraMode":{"drawMode":0,"name":"Shaded","section":"Shading Mode"},"sceneLighting":true,"audioPlay":false,"sceneViewState":{"m_AlwaysRefresh":false,"showFog":true,"showSkybox":true,"showFlares":true,"showImageEffects":true,"showParticleSystems":true,"showVisualEffectGraphs":true,"m_FxEnabled":true},"in2DMode":false,"pivot":{"x":0.05063994973897934,"y":0.03119579702615738,"z":1.187399983406067},"rotation":{"x":0.08386446535587311,"y":-0.029890254139900209,"z":0.002516854787245393,"w":0.9960351586341858},"size":0.28137364983558657,"orthographic":true}