{"cameraMode":{"drawMode":0,"name":"Shaded","section":"Shading Mode"},"sceneLighting":true,"audioPlay":false,"sceneViewState":{"m_AlwaysRefresh":false,"showFog":true,"showSkybox":true,"showFlares":true,"showImageEffects":true,"showParticleSystems":true,"showVisualEffectGraphs":true,"m_FxEnabled":true},"in2DMode":false,"pivot":{"x":0.9015960693359375,"y":-0.024200439453125,"z":0.59368896484375},"rotation":{"x":0.08386446535587311,"y":-0.029890254139900209,"z":0.002516854787245393,"w":0.9960351586341858},"size":0.16284029185771943,"orthographic":true}