{"cameraMode":{"drawMode":0,"name":"Shaded","section":"Shading Mode"},"sceneLighting":false,"audioPlay":false,"sceneViewState":{"m_AlwaysRefresh":false,"showFog":true,"showSkybox":false,"showFlares":true,"showImageEffects":true,"showParticleSystems":true,"showVisualEffectGraphs":true,"m_FxEnabled":true},"in2DMode":false,"pivot":{"x":-0.03530040383338928,"y":2.3746707439422609,"z":-0.01464755181223154},"rotation":{"x":0.2124876081943512,"y":-0.22208759188652039,"z":-0.04979616403579712,"w":-0.9503588080406189},"size":0.5157561302185059,"orthographic":true}