{"cameraMode":{"drawMode":0,"name":"Shaded","section":"Shading Mode"},"sceneLighting":false,"audioPlay":false,"sceneViewState":{"m_AlwaysRefresh":false,"showFog":true,"showSkybox":false,"showFlares":true,"showImageEffects":true,"showParticleSystems":true,"showVisualEffectGraphs":true,"m_FxEnabled":true},"in2DMode":false,"pivot":{"x":0.23045235872268678,"y":-0.09839999675750733,"z":0.5986775755882263},"rotation":{"x":-0.01929352432489395,"y":0.14496125280857087,"z":0.0028249870520085098,"w":0.989253044128418},"size":0.15894964337348939,"orthographic":true}