{"cameraMode":{"drawMode":0,"name":"Shaded","section":"Shading Mode"},"sceneLighting":false,"audioPlay":false,"sceneViewState":{"m_AlwaysRefresh":false,"showFog":true,"showSkybox":false,"showFlares":true,"showImageEffects":true,"showParticleSystems":true,"showVisualEffectGraphs":true,"m_FxEnabled":true},"in2DMode":false,"pivot":{"x":-0.03530040383338928,"y":0.4916708171367645,"z":-0.0005474027711898088},"rotation":{"x":0.09680997580289841,"y":-0.030325282365083696,"z":0.0031727985478937628,"w":0.9949784874916077},"size":0.3041227161884308,"orthographic":true}