{"cameraMode":{"drawMode":0,"name":"Shaded","section":"Shading Mode"},"sceneLighting":false,"audioPlay":false,"sceneViewState":{"m_AlwaysRefresh":false,"showFog":true,"showSkybox":false,"showFlares":true,"showImageEffects":true,"showParticleSystems":true,"showVisualEffectGraphs":true,"m_FxEnabled":true},"in2DMode":false,"pivot":{"x":0.06141860783100128,"y":0.009212587028741837,"z":0.06402517110109329},"rotation":{"x":0.09680997580289841,"y":-0.030325282365083696,"z":0.0031727985478937628,"w":0.9949784874916077},"size":0.12802495062351228,"orthographic":true}